1,26,,,
2,8,,,
3,21,,,
4,9,,,
5,37,,,
6,34,,,
7,32,,,
8,27,,,
9,32,,,
10,8,,,
11,36,,,
12,33,,,
13,20,,,
14,42,,,
15,34,,,
16,25,,,
17,19,,,
18,25,,,
19,1,,,
20,43,,,
21,44,,,
22,2,,,
23,32,,,
24,7,,,
25,49,,,
26,37,,,
27,12,,,
28,3,,,
29,38,,,
30,38,,,
31,29,,,
32,28,,,
33,40,,,
34,11,,,
35,27,,,
36,19,,,
37,27,,,
38,44,,,
39,34,,,
40,39,,,
41,37,,,
42,23,,,
43,50,,,
44,31,,,
45,38,,,
46,41,,,
47,29,,,
48,23,,,
49,19,,,
50,28,,,
,,,,
1,68,32,26.86,1.57
2,98,48,19.2,7.16
3,10,16,15.73,8.97
4,51,14,37.51,1.08
5,53,3,23.7,2.05
6,18,28,46.17,2.38
7,37,16,9.63,0.27
8,66,39,30.59,3.34
9,44,15,27.37,4.26
10,55,20,45.66,5.28
11,60,34,16.65,2.44
12,9,45,5.17,6.64
13,35,18,11.06,3.32
14,91,12,32.44,4.84
15,29,39,33.3,4.73
16,19,32,33.79,8.21
17,96,43,27.13,2.34
18,56,39,27.18,2.63
19,1,3,16.95,6.82
20,81,46,21.42,7.29
21,76,37,10.93,4.73
22,89,6,20.74,8.34
23,78,40,6.67,6.64
24,43,3,32.59,9.08
25,61,6,32.31,1.03
26,31,5,39.78,5.52
27,84,15,24.01,1.36
28,69,8,37.42,10
29,17,34,49.01,6.83
30,67,36,8.22,5.96
31,50,24,6.23,2.92
32,45,7,38.83,8.61
33,62,40,44.85,9.17
34,71,31,27.71,9.98
35,82,18,28.15,8.32
36,32,25,19.42,6.14
37,77,41,15.89,2.99
38,13,13,27.12,0.87
39,4,23,47.81,7.46
40,64,44,44.14,3.12
41,63,31,28.29,6.58
42,85,50,6.38,9.91
43,83,14,16.06,3.68
44,92,13,29.16,4.42
45,94,37,40.32,6.72
46,26,43,38.76,5.71
47,100,48,16.59,3.09
48,21,23,9.34,4.66
49,47,45,18.82,9.31
50,99,17,26.96,7.67
7,83,41,37.59,3.68
1,50,16,40.71,2.92
49,42,33,43.18,6.3
5,47,10,38.94,9.31
39,25,48,37.66,7.59
43,57,20,42.81,9.6
15,70,34,21.51,9.13
46,83,31,18.82,3.68
30,40,4,46.57,0.54
31,92,37,35,4.42
8,14,26,40.05,0.09
14,63,21,27.77,6.58
50,39,44,27.91,3.77
39,18,42,43.63,2.38
22,8,28,39.89,3.41
43,46,41,9.74,7.55
48,1,29,13.9,6.82
25,10,30,14.44,8.97
34,24,17,45.03,0.73
49,92,42,6.96,4.42
13,91,47,10.29,4.84
29,24,40,42.85,0.73
40,44,16,12.04,4.26
49,48,43,41.37,8.67
3,35,9,21.26,3.32
3,91,36,44.25,4.84
28,2,9,6.61,6.01
1,76,38,8.21,4.73
33,54,49,31.95,8.08
13,57,2,34.4,9.6
27,4,39,40.86,7.46
15,11,42,9.32,3.99
48,89,26,10.63,8.34
39,11,2,38.47,3.99
36,53,3,42.11,2.05
4,53,46,29.56,2.05
25,59,23,29.24,8.55
49,94,2,27.58,6.72
32,43,12,23.7,9.08
19,35,8,11.91,3.32
22,71,47,16.11,9.98
35,73,34,9.94,7.1
2,53,22,22.44,2.05
18,4,6,23.95,7.46
28,100,23,44.24,3.09
31,97,48,44.03,1.1
43,88,5,28.67,0.16
41,41,8,47.83,7.94
1,78,33,27.04,6.64
2,77,25,41.9,2.99
48,4,17,12.96,7.46
42,7,49,38.68,5.41
13,38,15,10.07,1.95
21,10,12,42.15,8.97
34,100,44,22.72,3.09
34,75,7,33.8,8.05
36,24,25,36.39,0.73
38,89,5,26.27,8.34
25,46,21,27.35,7.55
17,27,39,6.26,2.56
10,61,26,12.82,1.03
37,36,45,39.55,8.6
27,52,25,33.18,1.14
43,14,45,46.98,0.09
19,73,6,24.49,7.1
25,24,37,31.22,0.73
31,37,21,42.23,0.27
1,38,43,15.71,1.95
25,83,31,13.94,3.68
7,70,36,32.68,9.13
16,89,30,24.22,8.34
17,84,26,46.49,1.36
32,67,42,20.2,5.96
15,63,5,10.68,6.58
34,94,30,33.57,6.72
46,54,8,29.98,8.08
47,89,15,46.45,8.34
48,15,8,46.48,0.67
37,71,31,21.82,9.98
28,27,37,8.11,2.56
49,43,33,9.83,9.08
25,13,24,9.22,0.87
29,78,10,34.17,6.64
24,13,24,22.56,0.87
46,43,47,30.29,9.08
44,42,49,18.1,6.3
4,72,45,44.72,0.13
15,65,46,10.66,0.16
39,72,40,43.86,0.13
5,57,37,15.79,9.6
49,7,18,16.23,5.41
42,70,24,47.45,9.13
48,50,38,46.75,2.92
47,36,18,19.57,8.6
41,91,15,45.08,4.84
43,59,48,9.46,8.55
9,5,4,18.38,0.81
18,27,42,30.78,2.56
18,100,34,34.85,3.09
36,12,7,7.97,9.2
4,71,36,15.33,9.98
40,9,6,36.79,6.64
17,86,3,34.19,6.67
28,80,3,16.27,9.06
50,56,10,34,2.63
6,62,19,45.73,9.17
34,91,37,40.32,4.84
31,71,20,16.41,9.98
3,25,10,46.08,7.59
50,88,11,17.91,0.16
43,80,50,44.54,9.06
47,43,37,25.2,9.08
2,15,12,5.39,0.67
31,11,41,33.89,3.99
42,55,31,14.72,5.28
44,69,26,11.1,10
32,89,24,35.19,8.34
23,73,39,48.34,7.1
23,58,9,17.1,5.08
12,42,48,31.54,6.3
29,70,19,30.65,9.13
48,64,44,21.08,3.12
19,37,34,46.07,0.27
24,5,5,38.11,0.81
40,11,47,43.95,3.99
2,62,48,18.79,9.17
32,24,35,13.79,0.73
27,25,44,43.74,7.59
38,36,27,41.72,8.6
25,11,30,28.97,3.99
19,36,1,25,8.6
40,6,34,47.3,1.67
8,9,44,29.09,6.64
21,15,22,15.99,0.67
28,85,4,23.01,9.91
28,63,24,45.67,6.58
7,36,24,13.67,8.6
22,33,24,6.59,0.57
2,10,15,40.64,8.97
50,75,44,26.28,8.05
19,53,8,29.03,2.05
42,39,10,24.3,3.77
15,96,3,31.45,2.34
7,7,25,36.53,5.41
34,25,26,16.64,7.59
33,71,26,10.18,9.98
8,81,36,44.87,7.29
10,62,32,40.18,9.17
16,70,5,26.08,9.13
23,28,38,31.09,0.49
23,3,45,40.27,5.83
4,46,25,23.07,7.55
45,48,47,26.57,8.67
29,55,27,14.64,5.28
5,38,28,36.86,1.95
20,46,19,37.28,7.55
41,54,42,30.11,8.08
23,92,37,26.82,4.42
14,29,21,15.21,4.73
47,72,13,15.5,0.13
48,83,6,42.95,3.68
29,84,28,5.89,1.36
31,98,33,8.68,7.16
16,96,16,12.69,2.34
3,54,22,9.54,8.08
7,49,7,23.99,4.62
29,95,18,21.07,3.68
50,77,45,23.3,2.99
40,80,3,5.29,9.06
46,89,35,10.99,8.34
36,52,25,30.86,1.14
47,59,35,35.61,8.55
7,73,12,37.66,7.1
17,85,45,8.56,9.91
19,91,6,39.04,4.84
24,11,37,27.69,3.99
31,61,23,8.07,1.03
2,6,16,49.98,1.67
10,25,41,19.74,7.59
48,12,39,31.44,9.2
20,100,17,36.24,3.09
28,4,8,11.14,7.46
29,47,29,22.72,9.31
38,34,23,40.57,1.5
34,13,29,39.21,0.87
41,57,49,7.32,9.6
28,57,24,31.78,9.6
45,88,43,40.23,0.16
20,83,22,49.03,3.68
38,68,26,9.99,1.57
27,59,3,42.53,8.55
27,94,3,25.12,6.72
14,47,43,27.67,9.31
12,27,42,14.17,2.56
48,87,25,19.69,5.44
40,26,27,20.9,5.71
39,13,16,20.51,0.87
11,23,39,29.74,2.17
14,76,13,28.66,4.73
26,20,31,22.02,5.05
21,59,26,19.65,8.55
11,65,9,6.32,0.16
13,61,28,30.25,1.03
50,21,31,7.09,4.66
50,67,11,44.18,5.96
41,37,23,37.07,0.27
17,62,31,47.95,9.17
14,61,33,25.41,1.03
20,14,3,28.11,0.09
15,95,17,25.23,3.68
3,14,50,29.78,0.09
18,11,7,47.39,3.99
43,91,8,29.94,4.84
9,71,8,22.51,9.98
49,31,25,38.97,5.52
27,17,42,18.96,6.83
1,27,36,33.36,2.56
49,19,26,22.03,8.21
47,69,33,41.57,10
47,46,30,20.95,7.55
4,24,43,23.18,0.73
25,69,43,25.78,10
26,34,46,24.52,1.5
25,30,20,9.18,0.06
40,61,17,34.56,1.03
13,9,43,44.06,6.64
41,28,20,14.34,0.49
17,15,39,12.65,0.67
49,83,43,40.56,3.68
44,91,21,31.4,4.84
48,57,30,10.6,9.6
50,35,22,48.13,3.32
19,45,32,20.72,8.61
22,67,16,17.15,5.96
40,38,27,37.89,1.95
7,21,25,25.01,4.66
14,8,44,21.02,3.41
15,22,17,25.76,6.47
49,65,50,42.84,0.16
1,41,43,6.1,7.94
10,29,48,29.96,4.73
17,59,41,8.75,8.55
7,91,10,20.56,4.84
1,73,23,25.34,7.1
40,65,5,15.93,0.16
24,25,34,20.8,7.59
47,98,13,35.56,7.16
25,65,3,33.23,0.16
16,16,45,44.42,1.64
22,83,15,7.34,3.68
14,37,1,37.28,0.27
8,29,17,9.82,4.73
32,94,1,43.23,6.72
45,18,11,6.76,2.38
36,21,17,23.72,4.66
10,70,48,29.38,9.13
20,13,35,43.2,0.87
39,42,23,5.85,6.3
35,43,33,44.13,9.08
42,89,27,23.55,8.34
44,72,10,39.93,0.13
28,29,13,44.38,4.73
4,77,8,19.07,2.99
3,70,48,33.51,9.13
9,59,17,6.67,8.55
31,39,10,5.85,3.77
29,45,1,7.6,8.61
17,61,8,28.07,1.03
18,39,30,44.33,3.77
46,20,44,34.98,5.05
2,90,23,23.23,3.87
26,95,37,47.85,3.68
19,23,50,14.88,2.17
49,13,23,25.86,0.87
5,70,3,21.53,9.13
42,66,21,5.38,3.34
5,78,27,20.36,6.64
14,36,42,35.59,8.6
32,19,7,48.66,8.21
33,31,28,17.16,5.52
14,78,7,7.72,6.64
48,29,14,9.12,4.73
37,58,19,13.91,5.08
46,50,36,20.74,2.92
34,68,11,42.86,1.57
10,14,17,14.48,0.09
45,74,14,17.43,4.03
40,29,29,47.5,4.73
12,24,30,41.34,0.73
50,94,36,5.95,6.72
13,19,24,39.32,8.21
27,16,9,9.24,1.64
43,65,5,28.4,0.16
15,83,45,14.5,3.68
46,97,19,49.55,1.1
34,79,19,7.56,4.88
22,50,49,38.94,2.92
1,10,17,12.97,8.97
6,34,20,30.12,1.5
44,35,7,10.76,3.32
17,49,30,26.15,4.62
20,6,9,18.91,1.67
29,90,44,8.38,3.87
29,89,42,43.88,8.34
20,47,34,24.83,9.31
49,97,2,45.95,1.1
26,37,48,46.28,0.27
50,60,41,20.05,2.44
24,58,6,36.24,5.08
26,6,44,33.03,1.67
19,56,33,45,2.63
24,90,25,42.62,3.87
17,29,18,48.82,4.73
22,76,2,21.37,4.73
6,11,46,35.3,3.99
7,40,34,45.64,0.54
26,30,10,15.79,0.06
43,98,32,16.45,7.16
2,76,25,44.06,4.73
25,62,10,23.97,9.17
29,13,44,14.73,0.87
49,63,5,37.46,6.58
35,28,43,11.31,0.49
37,67,29,22.63,5.96
14,19,20,9.76,8.21
17,95,18,22.02,3.68
28,67,27,45.01,5.96
25,66,49,47.25,3.34
10,80,36,23,9.06
7,93,31,18.1,1.04
43,4,30,38.17,7.46
50,81,3,36.89,7.29
24,53,18,44.05,2.05
8,49,28,16.54,4.62
18,8,47,49.98,3.41
25,50,33,5.31,2.92
12,26,22,23.98,5.71
32,37,8,32.8,0.27
40,22,48,9.94,6.47
41,49,11,35.51,4.62
6,98,26,45.22,7.16
48,41,25,20.27,7.94
45,89,32,37.51,8.34
26,50,35,37.75,2.92
2,68,20,45.76,1.57
31,25,37,13.22,7.59
46,94,22,22.17,6.72
13,88,17,46.45,0.16
37,42,37,24.32,6.3
45,21,33,12.38,4.66
3,63,22,38.78,6.58
43,44,32,9.58,4.26
42,84,28,27.97,1.36
13,93,4,42.56,1.04
31,64,31,11.25,3.12
40,99,30,47.08,7.67
23,84,37,47.93,1.36
42,64,45,33.74,3.12
24,20,14,7.7,5.05
8,41,48,40.28,7.94
33,68,45,27.68,1.57
47,82,20,36.61,8.32
44,79,41,21.1,4.88
47,75,38,33.95,8.05
34,35,19,45.05,3.32
17,1,19,7.28,6.82
43,11,4,5.66,3.99
44,10,16,13.77,8.97
15,12,40,8.05,9.2
4,26,47,43.77,5.71
7,18,50,47.77,2.38
17,72,46,21.16,0.13
47,78,44,46.97,6.64
27,20,21,34,5.05
49,60,49,17.67,2.44
37,41,24,6.8,7.94
29,16,16,12.95,1.64
15,99,20,43.19,7.67
46,18,32,39.57,2.38
38,65,15,34.35,0.16
50,48,42,41.22,8.67
10,49,2,31.01,4.62
9,39,47,17.21,3.77
34,39,26,22.79,3.77
27,1,2,20,6.82
29,67,23,17.91,5.96
1,9,24,36.98,6.64
2,27,32,37.68,2.56
28,8,28,39.07,3.41
46,81,46,9.33,7.29
47,55,37,45.65,5.28
18,13,1,27.97,0.87
37,83,25,32.96,3.68
26,48,5,24.52,8.67
18,81,39,6.99,7.29
43,51,49,49.15,1.08
45,82,18,30.54,8.32
7,100,38,47.15,3.09
4,90,22,26.28,3.87
28,60,25,16.73,2.44
50,46,34,35.55,7.55
6,78,30,25.68,6.64
8,30,25,24.76,0.06
30,51,41,19.38,1.08
12,57,4,30.32,9.6
41,19,13,36.05,8.21
39,20,36,36.29,5.05
23,33,41,37.9,0.57
48,31,40,32.28,5.52
1,56,23,32.28,2.63
25,53,36,41.96,2.05
16,88,27,28.84,0.16
18,12,48,23.23,9.2
38,37,34,28.27,0.27
47,91,28,8.54,4.84
6,24,16,11.82,0.73
3,17,9,41.62,6.83
7,46,48,25.7,7.55
28,14,49,38.7,0.09
30,97,25,43.12,1.1
37,25,16,15.4,7.59
47,18,6,14.35,2.38
31,72,5,5.58,0.13
37,48,11,20.8,8.67
27,61,16,46.59,1.03
33,84,46,18.95,1.36
39,26,25,21.52,5.71
34,88,44,9.78,0.16
21,60,22,10.95,2.44
10,1,43,17.63,6.82
2,23,50,19.48,2.17
25,23,36,39.42,2.17
28,94,8,43.24,6.72
35,41,50,35.66,7.94
10,20,42,26.5,5.05
27,91,13,14.67,4.84
37,45,30,15.36,8.61
30,49,15,18.21,4.62
26,22,32,18.84,6.47
18,99,35,33.6,7.67
12,68,33,38.46,1.57
11,92,18,41.25,4.42
11,15,36,32.38,0.67
5,40,28,5.28,0.54
16,74,49,29.92,4.03
35,95,2,5.47,3.68
13,40,9,5.37,0.54
4,16,40,39.42,1.64
45,58,7,12.45,5.08
41,64,29,9.12,3.12
15,92,6,26.02,4.42
18,15,42,21.93,0.67
10,100,50,39.93,3.09
17,79,6,26.97,4.88
2,46,24,7.68,7.55
50,23,28,19.43,2.17
33,70,30,41.73,9.13
6,83,30,50.06,3.68
10,88,25,7.75,0.16
35,45,19,30.55,8.61
35,59,12,39.56,8.55
16,79,28,17.5,4.88
14,94,41,20.67,6.72
27,2,13,17.45,6.01
5,94,41,48.38,6.72
48,13,26,49.1,0.87
12,72,4,39.62,0.13
28,45,34,16.26,8.61
21,14,15,40.4,0.09
39,94,17,8.85,6.72
8,46,29,20.53,7.55
4,48,1,15.55,8.67
25,74,10,37.94,4.03
33,73,23,22.97,7.1
25,58,6,33.17,5.08
27,53,33,29.52,2.05
3,65,8,16.41,0.16
19,67,29,27.48,5.96
29,69,20,12.02,10
34,4,41,17.83,7.46
40,69,45,49.6,10
11,71,5,5.69,9.98
10,53,24,21.49,2.05
7,32,6,33.49,6.14
36,77,30,25.26,2.99
37,46,20,46.03,7.55
4,83,39,33.43,3.68
5,85,39,23.93,9.91
33,48,39,6.88,8.67
6,27,17,13.05,2.56
39,49,45,6.83,4.62
11,94,33,45.31,6.72
42,9,16,21.81,6.64
34,84,40,36.12,1.36
26,70,2,39.88,9.13
12,74,12,45.53,4.03
18,10,40,28.19,8.97
34,47,26,49.81,9.31
33,50,23,29.58,2.92
50,36,14,24.37,8.6
9,50,50,40.34,2.92
48,14,2,7.36,0.09
38,39,12,13.4,3.77
7,68,21,40.74,1.57
27,49,10,39.99,4.62
29,18,28,22.75,2.38
2,51,50,24.29,1.08
21,25,15,20,7.59
28,12,14,29.42,9.2
23,2,45,18.15,6.01
40,39,23,20.72,3.77
24,1,13,43.12,6.82
8,3,11,28.18,5.83
16,22,48,12.37,6.47
20,2,8,22.06,6.01
20,9,14,22.08,6.64
13,75,21,39.6,8.05
21,53,21,25.02,2.05
22,55,15,11.97,5.28
31,89,35,20.05,8.34
26,77,14,45.85,2.99
10,23,41,45.53,2.17
49,95,17,16.7,3.68
10,22,25,48.62,6.47
34,87,3,41.86,5.44
32,32,48,6.26,6.14
7,58,14,24.77,5.08
16,45,41,22.46,8.61
16,98,49,32.29,7.16
16,57,20,30.09,9.6
5,11,17,32.86,3.99
12,67,9,9.31,5.96
20,43,30,34.93,9.08
7,99,36,40.68,7.67
13,49,40,19.26,4.62
41,26,16,7.73,5.71
11,86,1,7.94,6.67
7,2,36,47.42,6.01
8,83,43,45,3.68
42,61,2,9.65,1.03
44,73,12,11.36,7.1
41,42,12,33.2,6.3
8,15,36,25.42,0.67
11,52,13,47.49,1.14
11,54,26,47.23,8.08
37,99,12,15.74,7.67
4,37,1,8.1,0.27
2,61,32,45.28,1.03
49,70,45,32.81,9.13
41,76,12,17.35,4.73
28,7,11,42.69,5.41
3,74,29,16.86,4.03
49,88,15,12.41,0.16
48,63,35,35.8,6.58
24,15,35,22.39,0.67
23,11,31,42.67,3.99
31,90,3,12.42,3.87
42,19,13,37.53,8.21
34,93,21,14.06,1.04
9,7,29,27.33,5.41
7,71,46,30.32,9.98
1,64,4,33.41,3.12
36,73,32,20.89,7.1
30,24,50,30.19,0.73
32,26,41,7.72,5.71
10,57,16,6.15,9.6
21,26,1,10.4,5.71
33,14,38,49.48,0.09
18,33,32,28.87,0.57
29,56,33,14.83,2.63
16,11,16,37.04,3.99
26,86,25,40.95,6.67
37,35,28,7.45,3.32
16,86,26,28,6.67
17,17,3,44.03,6.83
35,17,43,17.11,6.83
21,96,25,24.63,2.34
2,42,43,27.61,6.3
46,36,21,28.86,8.6
10,77,50,13.9,2.99
11,20,17,23.56,5.05
33,79,25,45.97,4.88
33,12,22,44.76,9.2
13,45,27,35.18,8.61
50,7,46,6.98,5.41
30,20,24,5.67,5.05
25,56,7,19.16,2.63
10,91,50,45.22,4.84
43,24,17,47.39,0.73
25,14,37,9.52,0.09
21,38,19,13.14,1.95
12,70,31,8.93,9.13
19,86,28,20.64,6.67
15,69,45,38.45,10
30,44,7,15.08,4.26
12,17,5,10.14,6.83
50,18,34,23.57,2.38
3,55,11,23.02,5.28
9,16,21,31.12,1.64
38,63,46,24.05,6.58
2,25,22,35.71,7.59
30,93,21,43.59,1.04
25,4,27,33.6,7.46
48,86,14,25.75,6.67
20,8,19,38.72,3.41
43,70,11,7.52,9.13
41,32,9,15.51,6.14
2,85,43,21.95,9.91
11,64,8,12.45,3.12
26,81,49,49.77,7.29
23,34,27,14.56,1.5
27,100,42,16.76,3.09
38,29,28,35.33,4.73
17,30,9,40.52,0.06
4,78,3,40.83,6.64
8,35,49,29.89,3.32
26,12,21,29.85,9.2
24,47,4,48.68,9.31
22,31,34,48.54,5.52
26,53,17,15.28,2.05
40,1,29,24.52,6.82
2,69,30,25.95,10
22,39,29,41.56,3.77
17,44,27,11.57,4.26
29,42,1,15.11,6.3
5,44,31,48.1,4.26
42,76,12,17.18,4.73
48,46,43,48.51,7.55
34,32,39,37.98,6.14
40,71,45,45.99,9.98
4,73,50,23.89,7.1
47,49,32,22.42,4.62
5,26,15,22.28,5.71
39,70,38,44.02,9.13
35,58,28,18.53,5.08
15,37,16,31.27,0.27
6,81,6,18.28,7.29
21,2,45,29.01,6.01
48,32,6,14.74,6.14
17,40,37,20.25,0.54
44,26,22,5.34,5.71
4,14,22,37.05,0.09
3,92,42,26.43,4.42
22,51,31,18.92,1.08
30,73,45,19.42,7.1
34,64,14,12.05,3.12
38,52,12,9,1.14
33,94,47,31.87,6.72
43,66,17,41.34,3.34
21,57,47,8.07,9.6
2,93,50,31.97,1.04
20,52,32,32.24,1.14
27,92,15,28.44,4.42
48,7,26,15.24,5.41
31,9,15,16.12,6.64
24,27,16,42.72,2.56
48,70,43,46.77,9.13
39,44,1,9.55,4.26
8,86,23,13.9,6.67
7,23,14,42.56,2.17
7,86,2,23.11,6.67
12,34,49,31.15,1.5
20,59,47,22.92,8.55
45,33,10,45.93,0.57
39,95,17,35.72,3.68
21,69,30,24.53,10
39,76,12,15.19,4.73
48,19,4,10.14,8.21
42,75,6,42.78,8.05
48,73,36,17.81,7.1
37,66,19,8.43,3.34
17,53,11,25.91,2.05
32,6,17,18.25,1.67
20,61,31,19.82,1.03
45,66,6,21.75,3.34
6,55,16,35,5.28
31,83,11,32.23,3.68
20,80,5,41.07,9.06
39,40,31,33.09,0.54
43,16,24,47.62,1.64
46,85,9,49.51,9.91
34,58,34,5.31,5.08
6,46,12,45.19,7.55
32,12,21,7.61,9.2
15,16,44,6.59,1.64
33,69,29,22.57,10
46,46,11,9.83,7.55
3,75,37,34.05,8.05
6,50,26,8.65,2.92
34,95,35,11.86,3.68
49,27,33,28.62,2.56
17,100,3,33.24,3.09
1,53,49,13.7,2.05
50,66,25,46.81,3.34
25,19,17,38.17,8.21
35,83,35,37.76,3.68
30,89,28,24.02,8.34
19,61,23,26.33,1.03
36,38,47,48.8,1.95
45,11,36,21.63,3.99
29,59,32,27.48,8.55
2,80,23,46.59,9.06
14,80,23,23.25,9.06
41,1,38,10.39,6.82
39,10,45,28.55,8.97
46,76,23,30.99,4.73
36,58,45,31.35,5.08
4,36,35,40.69,8.6
23,18,46,10.18,2.38
24,54,12,11.44,8.08
39,14,36,15.07,0.09
33,34,29,17.17,1.5
8,19,34,23.82,8.21
8,95,7,48.2,3.68
26,40,41,45.51,0.54
6,93,2,5.22,1.04
12,90,9,31.54,3.87
12,38,41,6.68,1.95
10,95,33,12.96,3.68
33,64,27,49.36,3.12
9,12,37,16.71,9.2
7,72,36,19.11,0.13
41,34,36,16.43,1.5
25,38,16,31.42,1.95
36,75,35,10.83,8.05
34,98,44,18.96,7.16
42,25,13,14.84,7.59
44,5,29,20.46,0.81
30,26,20,19.87,5.71
35,9,34,40.13,6.64
39,31,47,8.76,5.52
9,6,9,49.16,1.67
5,46,23,32.53,7.55
8,59,11,41.75,8.55
9,51,41,20.61,1.08
26,92,25,25.39,4.42
26,19,28,5.53,8.21
47,12,46,11.59,9.2
31,59,36,50.07,8.55
15,27,39,37.65,2.56
26,79,29,30.55,4.88
22,24,46,13.67,0.73
37,100,6,8.78,3.09
22,29,23,37.42,4.73
16,46,28,48.22,7.55
39,36,1,9.51,8.6
27,62,30,20.48,9.17
5,35,12,17.17,3.32
15,53,6,9.61,2.05
45,28,46,40.95,0.49
42,18,46,34.12,2.38
43,64,13,22.24,3.12
8,67,9,35.78,5.96
5,63,11,34.37,6.58
9,28,40,44.95,0.49
18,36,36,13.36,8.6
25,18,9,44.56,2.38
19,80,6,10.63,9.06
22,13,40,15.48,0.87
39,68,3,10.04,1.57
29,19,34,14.95,8.21
4,59,29,9.68,8.55
11,58,33,19.65,5.08
27,33,7,13.9,0.57
32,34,38,16.67,1.5
15,97,19,9.26,1.1
13,14,20,29.16,0.09
45,64,5,19.37,3.12
22,59,49,41.91,8.55
29,63,33,29.8,6.58
46,44,24,46.42,4.26
42,54,49,5.95,8.08
33,51,40,41.79,1.08
32,2,9,46.75,6.01
15,25,22,29.21,7.59
29,21,30,21.45,4.66
8,85,31,23.86,9.91
31,95,36,32.36,3.68
32,11,34,28.85,3.99
47,15,11,7.95,0.67
18,25,39,9.72,7.59
42,87,25,43.33,5.44
11,83,7,31.28,3.68
8,91,10,35.27,4.84
30,25,48,49.3,7.59
46,11,35,44.5,3.99
33,27,10,20.92,2.56
34,43,5,49.41,9.08
31,32,32,18.15,6.14
37,88,2,6.34,0.16
41,33,16,9.95,0.57
34,34,1,45.41,1.5
44,7,36,16.16,5.41
19,79,40,41.92,4.88
35,86,20,13.04,6.67
25,60,37,26.33,2.44
21,16,28,7.53,1.64
45,6,9,26.68,1.67
35,6,23,37.88,1.67
8,62,29,30.33,9.17
24,95,9,37.27,3.68
34,21,41,19.44,4.66
7,79,25,18.22,4.88
13,12,19,38.9,9.2
5,13,29,24.01,0.87
40,27,26,44.7,2.56
36,40,28,20.26,0.54
44,93,39,30.93,1.04
17,82,20,41.95,8.32
27,14,21,18.56,0.09
1,35,16,9.51,3.32
16,28,16,28.13,0.49
40,83,45,33.68,3.68
30,41,36,45.15,7.94
29,79,38,26.4,4.88
21,37,7,43.21,0.27
22,4,35,30.54,7.46
34,29,3,29.96,4.73
9,11,35,24.02,3.99
45,26,50,18.7,5.71
4,41,29,8.32,7.94
22,28,35,38.07,0.49
45,37,20,13.85,0.27
46,95,36,12.56,3.68
12,51,6,33.6,1.08
43,87,10,12.58,5.44
42,60,38,43.12,2.44
40,74,12,5.78,4.03
49,96,32,22.89,2.34
16,81,40,35.24,7.29
31,82,23,24.65,8.32
24,55,1,41.01,5.28
45,43,12,24.96,9.08
3,79,6,19.91,4.88
24,80,41,20.09,9.06
29,87,40,25.67,5.44
27,51,4,40.85,1.08
10,19,8,25.45,8.21
18,89,26,21.95,8.34
31,68,1,28.8,1.57
14,10,30,31.86,8.97
6,53,42,42.2,2.05
47,53,16,33.91,2.05
28,97,4,13.22,1.1
34,66,29,24.58,3.34
26,24,25,49.97,0.73
45,41,47,35.33,7.94
50,73,27,15.07,7.1
24,28,13,27.13,0.49
25,22,28,7.3,6.47
28,11,16,22.48,3.99
14,68,26,18.36,1.57
17,81,42,20.28,7.29
5,3,8,40.83,5.83
42,100,21,42.1,3.09
32,99,27,48.13,7.67
27,95,40,46.77,3.68
2,19,34,23.15,8.21
38,67,17,5.32,5.96
39,84,47,11.19,1.36
46,60,33,15.71,2.44
24,64,30,37.81,3.12
25,75,23,11.53,8.05
46,29,16,12.11,4.73
41,15,21,27.52,0.67
8,97,14,26.4,1.1
6,38,47,34.03,1.95
2,1,21,21.95,6.82
41,10,13,34.89,8.97
10,76,36,37.56,4.73
13,4,15,9.39,7.46
5,55,28,42.77,5.28
32,63,17,43.29,6.58
7,14,22,34.68,0.09
39,34,19,42.51,1.5
24,85,38,18.98,9.91
28,10,35,49.54,8.97
43,40,20,26.04,0.54
11,26,48,12.7,5.71
4,91,19,12.11,4.84
26,69,27,14.97,10
50,85,12,35.04,9.91
23,47,49,23.07,9.31
49,68,19,30.56,1.57
9,46,48,38.54,7.55
26,87,13,25.23,5.44
16,37,37,21.87,0.27
5,80,29,16.45,9.06
42,27,1,43.38,2.56
35,51,13,36.34,1.08
49,14,6,34.88,0.09
15,23,11,30.9,2.17
24,17,8,44.47,6.83
30,29,4,27.15,4.73
20,37,3,5.8,0.27
32,35,46,36.48,3.32
29,35,27,29.11,3.32
12,77,1,29.53,2.99
46,93,23,31.83,1.04
3,98,45,38.35,7.16
17,24,18,28.34,0.73
33,9,20,28.96,6.64
15,44,1,36.39,4.26
25,64,43,44.11,3.12
45,91,1,46.67,4.84
42,21,4,12.07,4.66
42,49,20,48.95,4.62
21,79,44,29.74,4.88
43,21,49,13.08,4.66
21,74,38,23.66,4.03
30,68,41,6.41,1.57
14,84,16,19.43,1.36
17,43,6,49.8,9.08
38,17,22,21.65,6.83
34,9,37,15.31,6.64
25,8,42,21.91,3.41
44,100,23,44.53,3.09
19,10,20,41.19,8.97
23,55,4,15.81,5.28
32,15,8,36.95,0.67
4,31,35,41.89,5.52
38,82,38,14.54,8.32
32,36,22,15.67,8.6
47,92,38,17.31,4.42
22,30,33,29.03,0.06
9,40,35,40.14,0.54
15,43,27,37.71,9.08
32,78,10,25.49,6.64
16,24,37,21.11,0.73
7,82,5,14.91,8.32
49,4,19,46.11,7.46
3,97,26,5.79,1.1
27,63,15,24.64,6.58
39,96,32,9.66,2.34
10,94,32,31.23,6.72
32,52,6,27.52,1.14
9,61,44,32.21,1.03
37,19,7,32.8,8.21
15,86,44,37.65,6.67
23,96,38,44.45,2.34
19,42,36,13.4,6.3
41,56,47,42.43,2.63
6,80,9,34.3,9.06
45,100,2,22.14,3.09
25,6,26,12.23,1.67
6,20,7,30.89,5.05
39,74,37,15.63,4.03
36,18,48,19.69,2.38
41,72,26,5.11,0.13
34,52,41,26.64,1.14
48,56,44,33.18,2.63
46,31,22,30.35,5.52
38,83,22,8.04,3.68
41,13,6,17.51,0.87
44,43,37,46.69,9.08
20,16,28,41.94,1.64
11,25,22,38.84,7.59
15,54,24,9.65,8.08
46,90,49,19.43,3.87
43,78,7,22.98,6.64
32,87,26,14.74,5.44
46,45,44,46.12,8.61
40,18,28,30.49,2.38
9,77,8,25.35,2.99
6,82,33,27.29,8.32
49,59,5,27.66,8.55
43,69,11,36.23,10
47,10,42,44.4,8.97
49,91,26,7.36,4.84
48,5,34,33.66,0.81
31,73,35,16.23,7.1
47,63,22,36.62,6.58
28,70,31,48.68,9.13
38,42,41,28.22,6.3
22,70,49,32.1,9.13
22,63,11,20.61,6.58
19,87,19,44.48,5.44
8,7,12,7.33,5.41
2,8,38,14.26,3.41
16,93,29,36.46,1.04
40,32,7,6.49,6.14
16,67,34,37.03,5.96
27,96,11,24.08,2.34
21,82,32,10.08,8.32
33,81,5,13.66,7.29
5,49,9,6.41,4.62
10,21,1,21.51,4.66
31,17,27,24.7,6.83
27,35,1,32.27,3.32
41,92,22,14.53,4.42
38,45,21,42.8,8.61
20,20,21,26.39,5.05
46,25,48,32.72,7.59
37,30,29,35.39,0.06
35,67,2,37.34,5.96
20,86,28,15.17,6.67
35,55,11,30.89,5.28
5,98,19,21.7,7.16
7,57,12,23.6,9.6
36,43,48,41.11,9.08
41,79,9,42.76,4.88
11,80,49,18.28,9.06
49,44,12,32.22,4.26
36,51,2,35.91,1.08
11,67,31,22.02,5.96
26,56,10,43.23,2.63
5,31,26,38.73,5.52
4,52,22,39.46,1.14
30,15,3,50.06,0.67
5,90,45,23.23,3.87
14,18,48,6.19,2.38
46,13,2,9.52,0.87
49,90,13,21.73,3.87
43,20,49,37.79,5.05
23,63,24,18.14,6.58
16,71,27,25.49,9.98
45,25,14,14.98,7.59
36,33,10,30.95,0.57
43,9,7,34.37,6.64
40,87,43,39.46,5.44
32,88,5,12.5,0.16
14,3,10,39.04,5.83
50,70,31,40.63,9.13
12,53,36,25.43,2.05
49,89,23,14.18,8.34
44,15,17,9.07,0.67
30,62,42,29.94,9.17
45,81,12,18.93,7.29
4,1,6,9.25,6.82
16,12,45,12.69,9.2
39,86,43,42.37,6.67
35,62,2,37.15,9.17
10,68,46,33.06,1.57
20,90,9,18.96,3.87
2,73,12,17.02,7.1
35,30,46,16.84,0.06
4,99,50,33.28,7.67
32,81,12,22.97,7.29
19,90,1,35.66,3.87
19,24,40,35.3,0.73
6,29,45,27.05,4.73
7,47,49,46.43,9.31
8,22,27,30.58,6.47
14,15,25,29.45,0.67
19,68,24,30.54,1.57
21,78,21,19.51,6.64
21,71,10,30.55,9.98
41,71,27,9.22,9.98
44,83,6,34.76,3.68
49,100,1,49.26,3.09
29,7,20,46.85,5.41
15,21,36,15.29,4.66
2,79,14,46.06,4.88
40,51,43,35.11,1.08
34,49,13,20.48,4.62
10,5,20,15.08,0.81
21,67,44,37.59,5.96
23,82,24,42.28,8.32
10,73,4,31.05,7.1
42,13,34,16.23,0.87
31,10,13,13.31,8.97
19,63,9,36.65,6.58
10,65,15,38.82,0.16
21,89,10,16.9,8.34
48,26,7,15.06,5.71
44,27,24,13.02,2.56
13,98,28,23.01,7.16
47,95,8,18.59,3.68
40,84,40,45.39,1.36
16,20,20,5.81,5.05
44,16,35,11.72,1.64
41,60,5,37.4,2.44
39,93,30,17.08,1.04
47,9,19,46.63,6.64
27,65,8,43.31,0.16
9,42,49,33.2,6.3
13,85,13,46.22,9.91
17,99,12,49.55,7.67
3,90,7,13.69,3.87
5,51,9,49.32,1.08
39,50,22,42.53,2.92
41,18,43,22.97,2.38
39,69,47,38.8,10
50,52,35,26.53,1.14
9,24,38,17.73,0.73
28,74,6,47.33,4.03
19,65,27,28.01,0.16
14,28,50,44.02,0.49
37,85,17,42.76,9.91
16,15,35,48.17,0.67
12,82,42,38.21,8.32
34,40,24,8.84,0.54
50,15,18,8.71,0.67
16,31,6,7.55,5.52
1,37,12,9.98,0.27
37,86,5,28.78,6.67
17,45,28,12.42,8.61
4,18,3,25.38,2.38
12,10,1,23.57,8.97
38,98,28,37.39,7.16
33,6,6,23.65,1.67
24,69,43,30.09,10
23,36,19,8.06,8.6
7,56,41,13.2,2.63
16,55,2,22.18,5.28
28,48,16,10.27,8.67
47,35,4,32.02,3.32
14,20,31,9.78,5.05
6,58,46,7.83,5.08
24,74,21,11.22,4.03
32,54,27,49.1,8.08
4,65,3,25.28,0.16
37,21,21,7.53,4.66
13,50,50,18.87,2.92
31,99,19,16.47,7.67
17,97,25,5.29,1.1
4,96,39,45.49,2.34
23,77,40,18.27,2.99
4,10,1,34.24,8.97
32,29,47,41.14,4.73
8,73,19,26.33,7.1
13,27,15,48.12,2.56
44,14,16,9.33,0.09
38,96,41,23.86,2.34
45,96,43,24.65,2.34
38,9,11,48.68,6.64
47,85,26,11.71,9.91
9,1,34,23.4,6.82
21,21,33,38.49,4.66
8,98,10,28.39,7.16
16,38,40,33.22,1.95
22,41,42,39.89,7.94
48,39,10,11.12,3.77
45,85,44,9.63,9.91
43,5,8,47,0.81
41,80,38,9.78,9.06
13,69,6,15.25,10
48,97,18,5.96,1.1
6,48,35,5.6,8.67
1,100,7,31.16,3.09
34,96,44,44.76,2.34
12,15,38,10.53,0.67
41,93,49,37.65,1.04
7,55,15,46.86,5.28
28,54,5,31.76,8.08
12,32,15,5.26,6.14
6,16,10,29.71,1.64
8,89,12,33.07,8.34
24,91,43,32.96,4.84
12,73,39,13.18,7.1
1,89,17,29.68,8.34
43,84,24,49.18,1.36
25,42,15,16.78,6.3
22,18,6,24.48,2.38
4,67,48,20.59,5.96
11,70,44,6.67,9.13
17,90,47,47.84,3.87
43,96,14,38.27,2.34
37,89,16,12.04,8.34
17,64,23,45.21,3.12
13,72,16,16.3,0.13
29,2,28,5.3,6.01
39,98,10,8.32,7.16
9,15,6,26.72,0.67
5,50,17,49.57,2.92
44,24,36,32.41,0.73
39,27,20,28.51,2.56
46,61,8,21.97,1.03
10,96,29,16.05,2.34
37,64,44,5.93,3.12
7,22,33,45.74,6.47
28,61,47,41.13,1.03
40,67,2,7.99,5.96
12,48,43,30.9,8.67
48,66,3,16.66,3.34
34,57,31,19.22,9.6
11,72,36,31.03,0.13
2,47,50,48.18,9.31
43,35,11,11.29,3.32
19,25,6,7.69,7.59
23,49,46,7.3,4.62
50,45,41,6.39,8.61
15,35,27,5.2,3.32
36,72,36,5.82,0.13
37,91,35,34.62,4.84
39,58,46,45.34,5.08
12,56,23,6.57,2.63
10,41,12,11.24,7.94
47,99,15,32.14,7.67
36,80,5,21.32,9.06
38,66,45,5.3,3.34
14,93,45,22.9,1.04
26,80,19,30.27,9.06
23,65,28,24.47,0.16
44,39,24,43.24,3.77
44,2,28,47.19,6.01
15,74,46,37.64,4.03
45,78,37,38.38,6.64
21,8,29,19.25,3.41
44,99,44,35.02,7.67
15,94,47,27.27,6.72
12,64,21,13.65,3.12
44,64,36,15.33,3.12
22,86,20,9.36,6.67
35,38,9,29.97,1.95
36,13,30,17.96,0.87
48,69,18,44.67,10
39,77,21,31.27,2.99
35,12,6,25.61,9.2
18,68,8,33.96,1.57
45,7,34,17.82,5.41
30,95,24,21.44,3.68
5,23,35,23.68,2.17
11,3,45,37.41,5.83
44,89,34,7.49,8.34
8,64,5,31.96,3.12
16,18,36,23.74,2.38
20,24,37,12.49,0.73
28,81,11,44.67,7.29
38,1,34,48.95,6.82
34,23,37,31.83,2.17
41,40,33,43.85,0.54
13,84,20,38.88,1.36
35,50,30,36.79,2.92
15,100,8,29.79,3.09
23,54,45,40.8,8.08
37,17,9,41.54,6.83
15,32,35,27.64,6.14
48,49,44,8.37,4.62
45,22,31,47.21,6.47
11,63,21,6.38,6.58
1,52,38,7.74,1.14
9,22,35,16.39,6.47
43,48,11,43.91,8.67
20,63,29,14.02,6.58
22,61,31,35.69,1.03
13,18,25,8.81,2.38
4,64,26,9.38,3.12
48,58,47,34.23,5.08
22,40,48,45.75,0.54
24,67,44,32.65,5.96
27,42,14,32.26,6.3
43,97,8,20.79,1.1
13,15,3,25.39,0.67
35,20,49,36.8,5.05
14,64,37,49.04,3.12
12,84,22,18.85,1.36
2,40,46,16.7,0.54
31,74,32,35.83,4.03
31,22,30,36.81,6.47
50,84,22,38.67,1.36
41,85,18,20.71,9.91
33,21,25,26.35,4.66
34,61,33,20.25,1.03
10,31,31,7.65,5.52
20,41,19,14.22,7.94
25,5,43,14.3,0.81
34,63,35,36.2,6.58
22,99,16,24.06,7.67
27,38,26,28.88,1.95
20,45,25,14.8,8.61
14,30,14,31.53,0.06
20,85,12,18.58,9.91
13,17,20,18.02,6.83
23,74,21,35.28,4.03
31,42,13,36.44,6.3
26,28,49,6,0.49
11,85,22,31.85,9.91
25,100,48,40.74,3.09
21,97,50,38.19,1.1
43,86,4,8.19,6.67
15,72,2,40.14,0.13
36,67,4,26.09,5.96
32,66,43,45.79,3.34
26,85,38,8.1,9.91
48,88,43,13.93,0.16
50,33,17,42.54,0.57
18,85,37,37.69,9.91
18,66,1,19.13,3.34
28,18,8,31.27,2.38
30,16,9,42.78,1.64
40,55,27,49.65,5.28
11,82,44,15.46,8.32
42,65,38,23.77,0.16
7,41,19,26.84,7.94
6,13,11,19.08,0.87
31,55,46,11.64,5.28
39,62,21,35.84,9.17
29,37,29,43.78,0.27
16,51,46,18.82,1.08
4,86,48,16.87,6.67
31,51,27,31.73,1.08
19,5,39,13,0.81
33,92,14,39.43,4.42
43,43,4,30.26,9.08
7,11,8,7.59,3.99
32,64,45,27.05,3.12
8,68,29,11.69,1.57
7,48,3,18.84,8.67
34,80,15,40.86,9.06
19,19,36,29.05,8.21
4,74,32,9.78,4.03
45,46,25,48.9,7.55
2,75,39,36.69,8.05
4,95,23,6.5,3.68
21,55,45,37.57,5.28
25,39,25,29.65,3.77
21,36,2,28.34,8.6
36,84,37,24.83,1.36
37,61,31,46.81,1.03
6,99,24,44.89,7.67
25,32,5,41.53,6.14
3,6,30,11.31,1.67
39,5,8,28.09,0.81
46,3,17,8.03,5.83
23,46,8,35.98,7.55
21,3,30,47.07,5.83
7,45,24,29.41,8.61
9,19,37,25.14,8.21
43,18,48,24.99,2.38
50,90,9,29.74,3.87
12,62,29,11.15,9.17
9,56,13,5.35,2.63
17,65,24,12.55,0.16
28,64,38,24.51,3.12
23,27,46,28.1,2.56
7,3,40,5.82,5.83
18,24,2,19.05,0.73
46,17,18,31.99,6.83
28,73,38,8.95,7.1
16,3,44,47.37,5.83
39,75,11,30.72,8.05
3,50,43,23.35,2.92
48,9,1,46.51,6.64
30,21,28,32.97,4.66
38,77,44,15.57,2.99
8,80,16,35.12,9.06
40,76,12,49.5,4.73
28,31,35,11.9,5.52
9,70,8,40.17,9.13
32,58,17,33.14,5.08
21,28,15,13.06,0.49
3,43,49,34.88,9.08
11,4,36,35.31,7.46
28,99,30,43.8,7.67
28,49,30,21,4.62
7,31,2,17.31,5.52
48,80,19,18.62,9.06
19,17,4,33.04,6.83
10,99,30,48.22,7.67
1,23,1,6.14,2.17
48,75,44,35.6,8.05
17,32,40,19.52,6.14
21,39,26,7.77,3.77
34,70,30,11.49,9.13
16,80,15,29.72,9.06
39,19,2,32.83,8.21
42,33,1,8.42,0.57
11,91,12,9,4.84
11,69,3,18.99,10
35,34,43,10.02,1.5
49,45,1,8.36,8.61
37,75,8,31.21,8.05
41,86,10,20.02,6.67
29,31,18,12.79,5.52
1,75,45,47.19,8.05
46,88,46,40.68,0.16
11,87,24,49.69,5.44
3,15,21,11.18,0.67
17,60,31,10.71,2.44
29,88,45,39.09,0.16
49,11,38,11.8,3.99
24,33,46,28.6,0.57
36,88,42,24.87,0.16
28,71,23,15.5,9.98
36,76,21,40.44,4.73
14,96,15,21.64,2.34
40,49,31,45.68,4.62
9,67,26,43.54,5.96
2,2,10,29.83,6.01
15,24,47,21.21,0.73
19,4,32,38.05,7.46
45,12,18,45.95,9.2
28,33,23,41.47,0.57
3,47,39,41.07,9.31
49,35,9,48.17,3.32
30,27,13,29.14,2.56
10,35,45,20.87,3.32
6,94,11,18.72,6.72
37,6,33,49.63,1.67
4,100,27,8.82,3.09
16,21,43,18.66,4.66
50,83,48,21.77,3.68
50,40,25,22.59,0.54
43,99,8,46.88,7.67
29,39,23,25.71,3.77
16,23,38,20.93,2.17
27,43,30,34.51,9.08
37,69,9,11.19,10
5,69,21,14.95,10
41,88,43,36.89,0.16
6,86,17,13.28,6.67
40,10,45,6.55,8.97
4,43,20,24.05,9.08
23,89,29,13.15,8.34
14,62,28,44.9,9.17
11,13,21,14.59,0.87
2,67,36,21.21,5.96
10,66,17,9.28,3.34
17,22,19,17.34,6.47
38,30,30,23.82,0.06
29,26,28,37.18,5.71
46,84,16,47.09,1.36
28,72,6,10.65,0.13
2,81,25,39.51,7.29
40,54,35,11.42,8.08
37,98,28,39.42,7.16
29,64,48,42.58,3.12
3,69,14,35.24,10
25,7,8,38.13,5.41
33,16,8,17.92,1.64
35,89,38,34.05,8.34
8,21,43,35.65,4.66
14,83,27,33.71,3.68
12,41,32,14.18,7.94
38,75,20,17.08,8.05
31,47,31,6.97,9.31
6,35,35,14.64,3.32
34,78,48,17.96,6.64
27,30,30,32.49,0.06
27,55,5,34,5.28
14,53,48,47.36,2.05
16,54,44,18.3,8.08
9,8,4,30.81,3.41
7,30,31,33.01,0.06
32,92,8,29.06,4.42
15,98,17,34.01,7.16
48,77,27,25.05,2.99
49,46,10,30.19,7.55
20,82,2,43.5,8.32
29,20,9,18.11,5.05
4,93,31,28.71,1.04
37,22,22,16.34,6.47
40,13,12,11.06,0.87
3,11,48,29.08,3.99
44,48,19,24.83,8.67
50,20,45,20.57,5.05
40,66,6,33.09,3.34
50,16,36,29.19,1.64
13,65,16,9.71,0.16
44,23,26,33.88,2.17
41,53,17,36.53,2.05
1,98,29,27.41,7.16
13,3,3,17.14,5.83
18,50,49,49.42,2.92
16,61,14,39.82,1.03
8,58,3,27.89,5.08
33,98,12,15.39,7.16
45,27,31,33.16,2.56
38,5,49,42.31,0.81
7,29,3,10.16,4.73
40,60,11,13.39,2.44
15,78,35,27.29,6.64
22,49,23,33,4.62
28,28,29,17.75,0.49
10,42,3,27.48,6.3
23,53,34,35.81,2.05
45,15,7,8.91,0.67
35,69,10,7.95,10
45,16,18,46.4,1.64
16,60,49,23.97,2.44
31,41,11,20.37,7.94
40,52,20,35.17,1.14
44,38,47,23.7,1.95
25,15,45,11.33,0.67
9,81,6,6.4,7.29
45,77,9,12.21,2.99
9,21,49,47.91,4.66
29,49,27,41.94,4.62
41,81,32,25.44,7.29
50,80,2,39.77,9.06
43,27,20,8.78,2.56
44,63,2,26.69,6.58
13,33,11,20.42,0.57
40,58,46,28.6,5.08
41,38,12,12.96,1.95
24,9,28,8.91,6.64
43,39,9,19.12,3.77
44,80,33,33.84,9.06
39,91,50,19.12,4.84
15,9,12,27.64,6.64
24,52,23,29.57,1.14
22,82,28,44.82,8.32
14,44,46,14.55,4.26
41,35,30,17.72,3.32
43,38,1,19.05,1.95
10,45,2,36.3,8.61
14,35,19,38.96,3.32
31,78,19,9.04,6.64
45,53,35,26.48,2.05
42,53,39,23.49,2.05
9,37,30,46.29,0.27
22,1,45,6.45,6.82
31,23,4,17.18,2.17
18,5,43,17.46,0.81
4,33,40,24.06,0.57
3,52,30,18.81,1.14
4,60,22,17.15,2.44
35,13,49,27.58,0.87
45,5,1,46.18,0.81
19,52,10,48.72,1.14
30,57,5,27.02,9.6
2,60,4,30,2.44
28,23,40,39.98,2.17
41,51,12,47.08,1.08
7,76,35,45.68,4.73
14,98,21,41.18,7.16
39,41,1,10.33,7.94
43,61,33,42.45,1.03
32,76,46,37.38,4.73
8,36,41,40.76,8.6
2,89,19,21.73,8.34
18,63,20,26.6,6.58
29,54,33,8.74,8.08
20,25,26,20.05,7.59
22,32,4,8.83,6.14
25,77,8,37.76,2.99
45,80,19,22.34,9.06
49,18,38,30.8,2.38
50,69,50,11.7,10
17,94,39,38.81,6.72
34,56,7,43.35,2.63
35,22,22,35.59,6.47
28,79,13,35.61,4.88
50,82,36,44.03,8.32
49,72,5,42.03,0.13
26,55,10,32.77,5.28
15,60,37,39.98,2.44
24,66,37,25.48,3.34
9,31,29,13.31,5.52
11,11,39,47.4,3.99
37,73,28,31.72,7.1
35,66,6,21.1,3.34
41,75,18,21.01,8.05
1,24,43,31.03,0.73
48,95,24,15.09,3.68
41,94,16,49.63,6.72
43,29,28,8.75,4.73
20,33,34,43.22,0.57
3,80,2,24.81,9.06
9,96,46,17.94,2.34
34,38,27,6.7,1.95
24,79,45,24.36,4.88
41,78,15,16.46,6.64
14,31,7,43.32,5.52
36,49,14,17.12,4.62
39,83,17,45.68,3.68
21,91,33,39.85,4.84
35,14,21,9.51,0.09
16,39,5,24.65,3.77
47,52,39,10.39,1.14
48,84,22,37.92,1.36
39,3,50,8.63,5.83
24,56,39,43.71,2.63
39,46,50,42.26,7.55
40,8,42,13.59,3.41
43,49,50,37.34,4.62
10,83,47,43.68,3.68
24,76,28,35.36,4.73
24,100,27,28,3.09
23,41,49,39.65,7.94
45,76,10,9.72,4.73
36,16,20,10.81,1.64
1,19,13,49.21,8.21
12,98,8,23.67,7.16
45,99,16,5.49,7.67
8,88,43,7.35,0.16
42,90,18,28.45,3.87
26,84,27,45.56,1.36
47,58,48,17.17,5.08
41,2,29,43.38,6.01
1,28,27,43.42,0.49
8,27,10,31.74,2.56
20,34,25,26.4,1.5
26,58,33,28.62,5.08
16,87,31,5.16,5.44
44,41,3,8.72,7.94
46,71,37,29.63,9.98
36,66,8,44.43,3.34
24,12,49,28,9.2
24,22,10,21.08,6.47
27,13,26,38.79,0.87
48,36,21,8.17,8.6
34,30,40,27.44,0.06
38,47,28,8.42,9.31
28,42,31,18.61,6.3
12,59,37,27.32,8.55
19,20,4,29.43,5.05
20,79,26,5.14,4.88
13,42,27,42.33,6.3
25,41,4,29.85,7.94
23,16,16,23.65,1.64
1,8,32,6.36,3.41
10,8,29,12.43,3.41
30,23,22,27.26,2.17
29,4,34,17.57,7.46
20,49,46,33.29,4.62
31,48,2,12.19,8.67
31,91,31,32.15,4.84
28,83,11,31.81,3.68
39,100,15,40.49,3.09
28,89,17,17.26,8.34
44,49,15,48.53,4.62
27,19,12,17.34,8.21
22,100,32,8.05,3.09
43,8,31,30.3,3.41
33,3,2,18.37,5.83
28,68,3,40.14,1.57
26,26,5,31.46,5.71
8,4,43,38.04,7.46
2,7,14,43.81,5.41
38,84,7,39.66,1.36
26,35,36,36.54,3.32
21,33,16,10.63,0.57
45,38,11,11.17,1.95
29,15,38,11.36,0.67
40,68,40,30.3,1.57
49,64,40,49.17,3.12
44,66,42,48.54,3.34
1,21,27,47.42,4.66
14,92,20,30.34,4.42
33,38,36,23.99,1.95
24,31,33,14.39,5.52
41,50,15,44.46,2.92
26,46,21,39.84,7.55
19,28,11,37.06,0.49
2,37,3,47.5,0.27
20,12,45,7.75,9.2
27,83,45,11.44,3.68
13,60,5,17.74,2.44
7,67,17,41.09,5.96
45,39,5,45.45,3.77
30,37,4,7.3,0.27
12,14,21,27.01,0.09
35,91,49,32.36,4.84
36,89,7,11.57,8.34
23,1,1,48.34,6.82
19,48,46,9.01,8.67
30,63,1,26.81,6.58
16,25,40,37.85,7.59
43,26,36,17.94,5.71
34,28,50,16.19,0.49
20,32,27,47.24,6.14
22,74,32,43.36,4.03
45,30,25,15.06,0.06
31,38,18,7.82,1.95
32,100,38,22.09,3.09
35,52,44,43.57,1.14
37,7,43,28.57,5.41
9,89,49,38.84,8.34
50,63,32,19.88,6.58
48,78,33,28.58,6.64
9,73,22,49,7.1
22,54,1,48.79,8.08
42,20,1,14.59,5.05
25,49,38,31.63,4.62
35,29,46,17.46,4.73
37,54,32,50.07,8.08
21,70,45,23.63,9.13
12,20,4,15.83,5.05
29,92,25,33.09,4.42
31,56,16,33.66,2.63
49,99,12,11.91,7.67
32,23,28,47.77,2.17
43,2,9,26.39,6.01
49,50,21,9.72,2.92
23,90,24,10.61,3.87
14,95,9,12.85,3.68
19,75,2,26.74,8.05
45,36,26,17.47,8.6
19,12,32,14.94,9.2
39,89,44,26.35,8.34
41,68,33,41.09,1.57
31,28,16,31.59,0.49
23,88,12,44.3,0.16
1,11,36,26.21,3.99
6,60,48,37.27,2.44
42,71,8,37.27,9.98
6,71,6,9.35,9.98
22,34,18,11.87,1.5
34,26,46,24.69,5.71
5,21,13,15.22,4.66
36,27,6,31.23,2.56
50,59,35,17.29,8.55
26,96,10,30.58,2.34
33,95,40,11.03,3.68
29,98,9,5.72,7.16
22,25,1,31,7.59
15,49,25,47.96,4.62
20,29,48,12.94,4.73
21,29,49,26.62,4.73
32,90,9,29.09,3.87
28,41,45,15.03,7.94
30,14,39,12.33,0.09
23,80,24,5.48,9.06
26,57,48,24.32,9.6
4,70,11,25.22,9.13
19,95,18,34.02,3.68
41,58,48,49.67,5.08
40,97,36,35.83,1.1
30,91,50,9.31,4.84
31,81,17,27.07,7.29
31,67,23,47.05,5.96
40,25,11,13.18,7.59
1,22,32,40.52,6.47
36,99,23,19.93,7.67
13,2,23,10.97,6.01
29,85,32,28.42,9.91
47,88,9,23.73,0.16
22,88,42,40.85,0.16
21,44,10,42.85,4.26
1,16,18,32.7,1.64
19,39,3,46.99,3.77
45,62,35,18.76,9.17
36,41,5,9.77,7.94
47,80,39,15.38,9.06
14,57,30,36.18,9.6
23,69,35,28.72,10
34,65,32,36.62,0.16
33,89,33,30.24,8.34
49,62,30,47.51,9.17
46,37,49,16.32,0.27
31,76,27,20.12,4.73
15,4,48,25.59,7.46
26,74,23,5.7,4.03
28,78,24,42.3,6.64
5,89,22,24.51,8.34
11,37,21,43.29,0.27
22,12,5,8.62,9.2
21,61,47,37.37,1.03
48,37,17,15.46,0.27
10,16,42,34.97,1.64
30,70,24,14.37,9.13
2,20,49,13.94,5.05
23,44,36,16.92,4.26
1,49,19,19.94,4.62
49,67,3,21.22,5.96
14,50,32,21.64,2.92
7,53,12,43,2.05
12,66,13,5.41,3.34
20,70,10,11.23,9.13
35,27,15,21.49,2.56
45,63,10,33.91,6.58
8,76,31,29.87,4.73
9,4,18,20.33,7.46
35,77,45,34.9,2.99
3,38,2,45.3,1.95
12,25,6,22.2,7.59
8,18,40,24.34,2.38
36,11,15,12.01,3.99
43,100,23,16.93,3.09
20,71,22,19.07,9.98
25,36,19,9.99,8.6
38,10,19,35.42,8.97
25,12,44,17.88,9.2
24,72,26,26.85,0.13
3,30,26,9.26,0.06
22,75,43,27.37,8.05
5,19,31,30.88,8.21
32,80,33,24.97,9.06
3,42,48,38.08,6.3
7,52,25,13.53,1.14
37,62,41,28,9.17
37,95,33,35.84,3.68
5,77,49,21.07,2.99
31,43,6,43.23,9.08
48,62,2,36.94,9.17
16,99,45,30.52,7.67
31,27,46,42.48,2.56
32,22,34,43.59,6.47
15,28,37,40.49,0.49
43,37,45,16.16,0.27
25,88,34,32.45,0.16
49,74,6,48.17,4.03
20,58,19,30.62,5.08
22,48,19,28.62,8.67
14,42,26,30.47,6.3
7,59,20,48.79,8.55
42,99,33,31.77,7.67
22,35,10,43.35,3.32
45,17,21,42.19,6.83
28,77,9,38.32,2.99
23,26,16,25.84,5.71
8,16,4,7.31,1.64
42,41,43,35.09,7.94
15,57,47,37.6,9.6
46,58,35,19.46,5.08
11,49,9,47.84,4.62
23,91,14,19.76,4.84
36,17,33,6.98,6.83
20,92,38,42.02,4.42
41,17,25,32.37,6.83
30,71,10,41,9.98
5,33,19,9,0.57
46,15,21,37.95,0.67
43,45,9,28.39,8.61
16,27,14,33.53,2.56
44,31,38,10.11,5.52
18,58,22,12.98,5.08
29,43,28,44.44,9.08
31,8,47,24.35,3.41
10,40,50,43.03,0.54
5,48,36,26.38,8.67
42,35,24,11.28,3.32
4,54,21,17.7,8.08
33,74,27,14.87,4.03
7,43,17,17.3,9.08
32,83,48,25.42,3.68
33,53,21,46.43,2.05
17,20,45,42.97,5.05
43,56,8,23.01,2.63
38,46,48,21.5,7.55
18,64,33,41.34,3.12
37,2,7,31.49,6.01
19,49,13,25.23,4.62
24,41,13,10.77,7.94
2,63,1,49.52,6.58
11,78,14,40.56,6.64
26,73,32,28.09,7.1
16,32,4,10.41,6.14
9,60,31,7.35,2.44
5,12,44,11.04,9.2
33,60,13,32.37,2.44
27,70,25,17.56,9.13
8,33,8,29.55,0.57
24,4,5,14.06,7.46
38,44,15,8.96,4.26
31,26,50,7.17,5.71
44,29,30,39.84,4.73
34,69,44,11.81,10
20,1,50,15.43,6.82
14,73,49,25.79,7.1
39,28,29,43.44,0.49
29,12,28,26.42,9.2
19,64,18,35.55,3.12
44,4,3,6.89,7.46
41,27,11,44.87,2.56
47,42,4,39.46,6.3
31,80,8,5.1,9.06
21,73,10,16.56,7.1
16,5,11,12.99,0.81
16,90,38,46.6,3.87
43,23,41,35.1,2.17
46,6,41,28.71,1.67
47,6,3,36.81,1.67
29,38,6,13.82,1.95
40,89,23,48.93,8.34
18,94,18,36.79,6.72
50,62,1,27.69,9.17
8,12,5,15.74,9.2
2,26,12,49.48,5.71
38,50,1,32.21,2.92
16,85,9,25.32,9.91
42,74,13,18.56,4.03
50,68,39,44.16,1.57
5,37,14,50.08,0.27
23,57,23,18.22,9.6
44,55,29,11.42,5.28
19,13,36,38.99,0.87
46,77,36,38.98,2.99
48,24,19,10.11,0.73
46,47,46,29.89,9.31
4,58,24,47.93,5.08
8,51,19,22.5,1.08
30,75,28,30.62,8.05
26,54,40,24.47,8.08
